grant all privileges on  *.* to 'root'@'%' identified by 'vlzmf1998';
delete from mysql.user where host="localhost" and user="root";
flush privileges;
select host,user,plugin,authentication_string from mysql.user;

#####
DROP DATABASE IF EXISTS `gamePDB` ;

CREATE DATABASE IF NOT EXISTS `gamePDB` 
  DEFAULT CHARACTER SET utf8 
  DEFAULT COLLATE utf8_general_ci;

USE `gamePDB` ;

CREATE TABLE `nation` (
  `id` INT NOT NULL AUTO_INCREMENT,
  `name` VARCHAR(100) NOT NULL,
  PRIMARY KEY(`id`)    
) ENGINE = InnoDB
  DEFAULT CHARACTER SET utf8 
  DEFAULT COLLATE utf8_general_ci;

CREATE TABLE `creator` (
  `id` INT NOT NULL AUTO_INCREMENT,
  `nation_id` INT NOT NULL,
  `name` VARCHAR(255) NOT NULL,
  `city` VARCHAR(100) NOT NULL,
  `year` VARCHAR(45) NOT NULL,
  `activation` VARCHAR(45) NOT NULL,
  `description` VARCHAR(255) NULL,  
  PRIMARY KEY (`id`),
  FOREIGN KEY (`nation_id`) REFERENCES `nation` (`id`)
    ON DELETE CASCADE ON UPDATE CASCADE  
) ENGINE = InnoDB
  DEFAULT CHARACTER SET utf8 
  DEFAULT COLLATE utf8_general_ci;

CREATE TABLE `game` (
  `id` INT NOT NULL AUTO_INCREMENT,
  `creator_id` INT NOT NULL,
  `name` VARCHAR(45) NOT NULL,
  `year` VARCHAR(45) NOT NULL,    
  `description` VARCHAR(255) NULL,  
  PRIMARY KEY (`id`),
  INDEX (`creator_id`),
  FOREIGN KEY (`creator_id`) REFERENCES `creator` (`id`)
    ON DELETE CASCADE ON UPDATE CASCADE
) ENGINE = InnoDB
  DEFAULT CHARACTER SET utf8 
  DEFAULT COLLATE utf8_general_ci;

CREATE TABLE `image` (
  `id` INT NOT NULL AUTO_INCREMENT,
  `game_id` INT NOT NULL,
  `filename` VARCHAR(255) NOT NULL,
  `description` TEXT NULL,
  PRIMARY KEY (`id`),
  INDEX (`game_id`),
  FOREIGN KEY (`game_id`) REFERENCES `game` (`id`)
    ON DELETE CASCADE ON UPDATE CASCADE
) ENGINE = InnoDB
  DEFAULT CHARACTER SET utf8 
  DEFAULT COLLATE utf8_general_ci;


###############################################

INSERT INTO `nation` (`id`, `name`) VALUES
  (1, '미국'),
  (2, '일본'),
  (3, '대한민국'),
  (4, '영국'),
  (5, '독일'),
  (6, '프랑스'),
  (7, '캐나다'),
  (8, '러시아'),
  (9, '핀란드'),
  (10, '스웨덴'),
  (11, '체코 공화국'),
  (12, '폴란드'),
  (13, '아이슬란드');
  
INSERT INTO `creator` (`id`, `nation_id`, `name`, `city`, `year`, `activation`) VALUES
 (1,1,'2K 스포츠','Novato','2005','자회사 활동'), 
 (2,1,'액티비전','산타모니카','1979','자회사 활동'),
 (3,1,'ArenaNet','벨뷰','2000','자회사 활동'),
 (4,1,'베데스다 게임 스튜디오','Rockville','2001','자회사 활동'),
 (5,1,'블리자드 엔터테인먼트','어바인','1991','자회사 활동'),  
 (6,1,'Crystal Dynamics','Redwood City','1992','자회사 활동'), 
 (7,1,'Daybreak Gamecompany','샌디에고','1997','자회사 활동'),
 (8,1,'Volition','일리노이','1996','자회사 활동'),
 (9,1,'Electronic Arts','Redwood City','1982','독립적 활동'),
 (10,1,'앙상블 스튜디오','달라스','1995','활동하지 않음'), 
 (11,1,'Firaxis Games','스파크','1996','자회사 활동'),
 (12,1,'GearBox Software','플라 노','1999','독립적 활동'), 
 (13,1,'하이 문 스튜디오','샌디에고','2005','자회사 활동'), 
 (14,1,'id 소프트웨어','메스 키트','1991','자회사 활동'),
 (15,1,'Irrational Games','퀸시','1996','활동하지 않음'), 
 (16,1,'Maxis','Emeryville','1987','자회사 활동'),
 (17,1,'Naughty Dog','산타 모니카','1986','자회사 활동'),
 (18,1,'Niantic','샌프란시스코','2010','독립적 활동'),
 (19,1,'Obsidian Entertainment','어바인','2004','자회사 활동'), 
 (20,1,'PopCap 게임','시애틀','2000','자회사 활동'), 
 (21,1,'Raven 소프트웨어','미들턴','1990','자회사 활동'),
 (22,1,'레드 스톰 엔터테인먼트','캐리','1996','자회사 활동'),
 (23,1,'리스폰 엔터테인먼트','로스 앤젤레스','2010','자회사 활동'),
 (24,1,'라이엇 게임즈','산타 모니카','2006','자회사 활동'),
 (25,1,'락스타 게임즈','뉴욕','1998','자회사 활동'),
 (26,1,'슬레지 해머 게임즈','포스터 시티','2009','자회사 활동'),
 (27,1,'Sucker Punch Productions','벨뷰','1997','자회사 활동'), 
 (28,1,'트레이 아크','산타 모니카','1996','자회사 활동'),  
 (29,1,'터틀 록 스튜디오','레이크 포레스트','2002,','독립적 활동'),
 (30,1,'Valve','Kirkland','1996','자회사 활동'),
 (31,1,'Warner Bros. Interactive Ent','시카고','1988','자회사 활동'), 
 (32,1,'Xbox Game Studios','Redmond','2002','자회사 활동'),
 (33,1,'ZeniMax 온라인 스튜디오','헌트 밸리','2007','자회사 활동'), 
 (34,2,'Aquria','가나가와','2002','독립적 활동'),
 (35,2,'아크 시스템 웍스','요코하마','1988','독립적 활동'),
 (36,2,'아리카','도쿄','1995','독립적 활동'),
 (37,2,'아트 루스','도쿄','1986','자회사 활동'),
 (38,2,'반다이 남코 엔터테인먼트','미나토','1955','자회사 활동'),
 (39,2,'B.B. 스튜디오','도쿄','1994','자회사 활동'),
 (40,2,'캡콤','오사카','1979','독립적 활동'),
 (41,2,'Cygames','도쿄','2011','자회사 활동'),
 (42,2,'DeNA','도쿄','1999','자회사 활동'),
 (43,2,'딤프','오사카','2000','독립적 활동'),
 (44,2,'FromSoftware','도쿄','1986','자회사 활동'), 
 (45,2,'Grezzo','시부야','2006','자회사 활동'),
 (46,2,'Game Freak','도쿄','1989','자회사 활동'),
 (47,2,'코 에이 테크모 게임','아시카가','1978','자회사 활동'),
 (48,2,'코나미','도쿄','1969','독립적 활동'),
 (49,2,'level -5','후쿠오카','1998','독립적 활동'),
 (50,2,'닌텐도','교토','1889','독립적 활동'),
 (51,2,'오메가 포스','아시카가','1997','자회사 활동'),
 (52,2,'플래티넘 게임','오사카','2006','독립적 활동'),
 (53,2,'세가','도쿄','1960','자회사 활동'),
 (54,2,'SIE 재팬 스튜디오','도쿄','1993','자회사 활동'),
 (55,2,'SNK','오사카','2001','자회사 활동'),
 (56,2,'스퀘어 에닉스','신주쿠','1975','독립적 활동'),
 (57,2,'스파이크 춘소프트','도쿄','1984','독립적 활동'),
 (58,2,'Treasure','도쿄','1992','독립적 활동'),
 (59,3,'Blueside','서울','2003','독립적 활동'),
 (60,3,'블루 홀','성남','2007','독립적 활동'),
 (61,3,'devCAT 스튜디오','서울','2001','자회사 활동'),
 (62,3,'ESA','서울','1994','독립적 활동'),
 (63,3,'아이덴티티 게임','서울','2007','자회사 활동'),
 (64,3,'Gravity','서울','2000','자회사 활동'),
 (65,3,'KOG 스튜디오','서울','2000','독립적 활동'),
 (66,3,'엔씨 소프트','서울','1997','독립적 활동'),
 (67,3,'넥슨 코리아','서울','1994','독립적 활동'),
 (68,3,'판타그램','서울','1994','자회사 활동'),
 (69,3,'스마일 게이트','서울','2002','독립적 활동'),
 (70,3,'위메이드 엔터테인먼트','서울','2000','독립적 활동'),
 (71,3,'Wizet 스튜디오','서울','1999','자회사 활동'),
 (72,3,'펄 어비스','안양','2010','독립적 활동'),
 (73,4,'클라이맥스 스튜디오','포츠머스','1988','독립적 활동'),
 (74,4,'코드 마스터','Southam','1985','독립적 활동'),
 (75,4,'Core Design','더비','1988','활동하지 않음'),
 (76,4,'크리에이티브 어셈블리','Horsham','1987','자회사 활동'),
 (77,4,'페이스 펀치 스튜디오','월솔','2009','자회사 활동'),
 (78,4,'프론티어 개발','캠브리지','1994','독립적 활동'),
 (79,4,'Ninja Theory','캠브리지','2000','자회사 활동'),
 (80,4,'Rare','트 와이 크로스','''1985','자회사 활동'),
 (81,4,'록 스테디 스튜디오','런던','2005','자회사 활동'),
 (82,4,'SIE 런던 스튜디오','런던','2002','자회사 활동'),
 (83,4,'Supermassive Games','Guildford','2008','독립적 활동'),
 (84,5,'Crytek','프랑크푸르트','1999','독립적 활동'),
 (85,5,'칼립소 미디어','웜','2006','독립적 활동'),
 (86,5,'림빅 엔터테인먼트','Langen','2002','독립적 활동'),
 (87,5,'EA Penomic','Ingelheim am Rhein','1997','활동하지 않음'),
 (88,5,'Ubisoft 블루 바이트','뒤셀도르프','1988','자회사 활동'),
 (89,6,'Arkane Studios','리옹','1999','자회사 활동'),
 (90,6,'Gameloft','파리','1999','자회사 활동'),
 (91,6,'퀀틱 드림','파리','1997','독립적 활동'),
 (92,6,'유비 소프트','Montreuil-sous-Bois','1986','독립적 활동'),
 (93,7,'Beenox','퀘벡','2000','자회사 활동'),
 (94,7,'BioWare','Edmonton','1995','자회사 활동'),
 (95,7,'디지털 익스트림','런던','1993','자회사 활동'),
 (96,7,'EA 밴쿠버','버나비','1982','자회사 활동'),
 (97,7,'Next Level Games','밴쿠버','2002','독립적 활동'),
 (98,7,'피라냐 게임','밴쿠버','2000','자회사 활동'),
 (99,7,'Relic Entertainment','밴쿠버','1997','자회사 활동'),
 (100,7,'The Coalition','밴쿠버','2010','자회사 활동'),
 (101,8,'1C company','모스크바','1991','독립적 활동'),
 (102,8,'Gaijin Entertainment','모스크바','2002','독립적 활동'),
 (103,8,'HeroCraft','칼리닌그라드','2001','독립적 활동'),
 (104,8,'Nival','세인트 피터스 버그','1996','독립적 활동'),
 (105,8,'Wargaming','상트 페테르부르크','1991','자회사 활동'),
 (106,9,'버그 베어 엔터테인먼트','헬싱키','2000','자회사 활동'),
 (107,9,'Colossal Order','탐 페레','2009','독립적 활동'),
 (108,9,'Remedy Ent','에스 포','1995','독립적 활동'),
 (109,9,'Rovio Ent','에스 포','2003','독립적 활동'),
 (110,9,'슈퍼 셀','헬싱키','2010','자회사 활동'),
 (111,9,'Coffee Stain Studios','Skövde','2010','자회사 활동'),
 (112,9,'EA Digital Illusions CE','스톡홀름','1992','자회사 활동'),
 (113,9,'EA 예테보리','예테보리','2011','자회사 활동'),
 (114,9,'Fatshark','스톡홀름','2008','자회사 활동'),
 (115,9,'MachineGames','웁살라','2009','자회사 활동'),
 (116,9,'Massive Entertainment','말뫼','1997','자회사 활동'),
 (117,9,'Mojang AB','스톡홀림','2009','자회사 활동'),
 (118,9,'OverKill Software','스톡홀름','2009','자회사 활동'),
 (119,10,'보헤미아 인터랙티브','프라하','1999','독립적 활동'),
 (120,10,'SCS 소프트웨어','프라하','1997','독립적 활동'),
 (121,11,'11 비트 스튜디오','바르샤바','2010','독립적 활동'),
 (122,11,'CD Project 레드','바르샤바','1002','자회사 활동'),
 (123,12,'CCP 게임','리이캬비크','1997','자회사 활동'); 
  
  
INSERT INTO `game` (`id`, `creator_id`, `name`, `year`, `description`) VALUES
  (1,1,'NBA 2K 시리즈','1999','미국 프로농구 게임'),
  (2,1,'WWE 2K 시리즈','1999','미국 프로 레슬링 게임'),
  (3,2,'콜 오브 듀티 시리즈','2003','FPS 게임. 총 17개의 시리즈. 액티비전 산하의 제작사들이 제작. 가장 많이 팔리는 비디오게임 시리즈중 하나'),
  (4,2,'프로토 타입 시리즈','2009','신체 변이로 온갖 액션을 선보인다. 2개의 시리즈. 액션에 치중함.'),
  (5,3,'길드워 시리즈','2005','판타지 전쟁, RPG와 PVP'),
  (6,4,'엘더 스크롤 시리즈','1994','베데스다의 대표 타이틀. 중세 RPG. 엔진 문제로 까인다.'),
  (7,4,'폴 아웃 시리즈', '1997','핵 전쟁 이후의 세계. 6개의 시리즈. 높은 자유도'),
  (8,5,'워크래프트 시리즈','1994','블리자드 Ent 의 간판 RPG. 세계적인 인기.'),
  (9,5,'하스스톤','2014','카드게임. 블리자드의 영웅들 등장'),
  (10,5,'디아블로 시리즈','1996','독특한 세계관의 RPG. 핵 앤 슬래쉬. 잘짜여진 스토리'),
  (11,5,'스타크래프트 시리즈','1998','전략 시뮬레이션 게임. 세계적인 인기. 대회. 한국인 특화'),
  (12,5,'오버워치 시리즈', '2016','하이퍼 FPS. 스킬과 총이 어우러진 팀게임.'),
  (13,6, '레거시 오브 케인 시리즈', '1996','뱀파이어와 시간여행 및 마검 소울리버'),
  (14,6, '툼레이더 시리즈 리메이크', '2006','인디아나 존스 컨셉. 크리스탈 다이나믹스가 시리즈를 이어받아 개발. 조작과 시스템 완전개편'),
  (15,6, '툼레이더 시리즈 리부트', '2013','원래의 시리즈에서 퍼즐이나 탐험 요소줄이고 액션어드밴처로 변모'),
  (16,7, 'H1Z1','2015','온라인 게임 배틀로얄 모드로 알려져 인기.'),
  (17,8, '세인츠 로우 시리즈','2006','GTA아류. 범죄액션게임'),
  (18,8, '레드 팩션 시리즈','2001','오픈월드 TPS'),
  (19,9, 'FIFA 시리즈','1993','축구게임. 세계에서 가장많이팔리고있는 비디오 게임시리즈.'),
  (20,9, '니드 포 스피드 시리즈','1994','최고의 레이싱 게임. 수십개의 시리즈.'),
  (21,10, '에이지 오브 엠파이어', '1997','중세 RTS 게임 고대문명 등장'),
  (22,11, '문명 시리즈','1991','문명의 진화를 바탕으로한 전력게임. 마약같은 중독성. 문명 4부터 4D그래픽 도입'),
  (23,11, '엑스컴 시리즈 리부트','2012','파이락시스에서 라이센스를 가져와 개발. 전략 턴제 게임. 좋은 평'),
  (24,12, '하프라이프 시리즈','1999','외계인의 침공. 원작보다 어려움'),  
  (25,12, '보더랜드 시리즈','2009','판도라 행성. FPS와 RPG의 결합. 수십만가지의 총기 수'),
  (26,13, '트랜스포머 시리즈','2010','트랜스 포머 영화를 게임으로 제작'),
  (27,13, '데드풀','2013', '마블 코믹스의 데드풀을 게임화. 죽지않는 데드풀의 막장이야기를 다룬다'),
  (28,14, '울펜슈타인 시리즈','1992','2차 세계대전을 바탕으로 독일 나치를 상대하는 게임 시리즈'),
  (29,14, '둠 시리즈','1993','지옥에서 넘어온 악마들과 사투를 벌이는 우주해병 둠가이'),
  (30,14, '퀘이크 시리즈','1996','완전한 3D를 도입한 FPS게임. 멀티플레이강조. 프로게이밍과 클랜 탄생에 기여'),
  (31,14, '레이지 시리즈','2011','포스트 아포칼립스 세계관의 FPS 게임. 엇갈리는 평가'),
  (32,15, '바이오 쇼크 시리즈','2007','복합형 FPS게임. 바다,천상 등을 무대로 게임을 넘어선 예술작품이라는 평가를 받는다'),
  (33,16, '심시티 시리즈','1989', '맥시스 사에서 만드는 심 시리즈의 대표적인 게임. 건설 경영 시뮬레이션'),
  (34,16, '심즈 시리즈','2000','그냥 살아가는 게임. 궁극의 스토킹과 관음증. 게임의 개념을 뒤집은 문제작.인형 놀이에서 착안하여 여성에게 어필'),
  (35,17, '언챠티드 시리즈','2007','보물 탐험 시리즈. 플레이스테이션 독점작으로 엄청나게 좋은평'),
  (36,17, '라스트 오브 어스 시리즈','2013','미래 곰팡이로 인해 살지못하는 인류. 백신의 키가 되는 여자아이. 그리고 사나이 조엘. 1편만 2000만장이상 판매'),
  (37,18, '포켓몬 고','2016','포켓몬 라이센스로 만들어진 실시간 증강현실 게임'),
  (38,19, '폴아웃: 뉴베가스','2010','핵 전쟁이후의 포스트 아포칼립스 세계. 높은 자유도. 높은 흥행과 시리즈중 두번째작'),
  (39,20, '식물 대 좀비','2009','세계적으로 히트를 친 타워디펜스 게임'),
  (40,21, '헤러틱 시리즈','1994','판타지 배경의 FPS게임 수많은 차원이 존재하는 세계를 바탕으로함'),
  (41,21, '콜 오브 듀티: 워존','2020','콜 오브 듀티 시리즈중 배틀로얄 형식의 전장'),
  (42,21, '울펜슈타인','2009','이드 소프트웨어의 리턴 투 캐슬 울펜슈타인의 후속작'),
  (43,21, '콜 오브 듀티: 블랙 옵스 콜드 워','2020','트레이 아크와 레이븐 소프트 웨어가 공동 개발한 콜 오브 듀티 시리즈 17번째 작품.'),
  (44,22, '고스트 리콘','2001','조지아의 국수주의자들이 일으킨 쿠데타와 사건을 다루는 FPS게임 서든어택이랑 비슷'),
  (45,23, '타이탄 폴 시리즈','2014','SF적 게임. 로봇을 타고 조종하는 인간들의 싸움'),
  (46,23, 'Apex 레전드','2019','타이탄 폴 시리즈와 세계관을 공유. 스킬을 사용하고 총을 사용한다는 점에서 오버워치와 비슷. 또한 배틀로얄 형식으로 진행. 타격감이 아주좋다'),
  (47,24, '리그 오브 레전드','2006','AOS장르의 팀파이트게임. 간단한 조작과 중독성으로 세계적인 게임으로 거듭났다. 최고의 E스포츠게임  '),
  (48,24, '발로란트','2020','총싸움에 스킬사용을 추가한 하이퍼 FPS. 여느 FPS게임과 마찬가지로 미션을 전재로 게임을 진행한다'),
  (49,25, 'Grand Theft Auto 시리즈','1997','주인공이 범죄조직의 명을 받아 모고한 시민들이 사는 도시에서 난장을 부리는 설정. 파격적인 설정과 자유도로 대히트를침'),
  (50,25, '레드 데드 리뎀션 시리즈','2010','샌드박스의 노하우를 얻은 락스타가 시도한 서부극 장르의 게임. 1편과 2편 모두 최고의 평을 받았고 메타스코어도 매우높다.'),
  (51,26, '콜 오브 듀티: 어드밴스드 워페어','2014','미래의 한국을 배경으로 하는 콜 오브 듀티의 시리즈'),
  (52,26, '콜 오브 듀티: 모던 워 페어3','2011','콜 오브 듀티 시리즈 중 최고의 작품'),
  (53,27, '고스트 오브 쓰시마','2020','3인칭 오픈월드 어드벤처. 일본 쓰시마 섬 전투를 배경으로 한다.'),
  (54,28, '콜 오브 듀티: 월드 앳 워','2008','2차 세계대전을 배경으로. 태평양 전쟁과 독소 전쟁이 주무대.'),
  (55,28, '콜 오브 듀티: 블랙 옵스 시리즈','2010','근현대 부터 근미래까지 다양한 배경으로 미션을 수행하는 시리즈'),
  (185,29, '레프트 4 데드','2008','좀비 아포칼립스 코옵 소재 FPS게임. 엄청난 흥행에 성공'),
  (56,29, '이볼브','2015','TPS 4인 코옵 게임. 진화하는 괴물과 4대 1로 싸우는 게임 그리하여 총 5명의 플레이어가 참가한다.'),
  (57,30, '하프라이프 시리즈','1998','혁신적인 디자인으로 극찬. 50여개의 게임상 수상. 고전 FPS 게임'),
  (58,30, '팀 포트리스 시리즈','1999','초기의 카운터 스트라이크와 쌍벽을 이룰만큼 인기가 높았고 병과별로 특징이존재. 팀을 나누어싸우는 FPS'),
  (59,30, '카운터 스트라이크 시리즈','2000','택티컬 슈터를 정립한 게임. 다른 FPS에 비해 가벼운 게임이었지만 평이 폭발적이었고 엄청난 인기를 얻음. 현재까지 시리즈를 이어오고있고 대회등이 꾸준하게 이어짐'),
  (60,30, '포탈 시리즈','2007','1인칭 퍼즐 플랫포머 게임. 뛰어난 아이디어를 바탕으로 한 퍼즐과 독특한 스토리를 접목시켜 완성한게임'),
  (61,30, '도타 2','2013','워 크래프트 3의 유즈맵을 밸브가 하나의 독립된 게임으로 제작한 AOS게임. 리그오브레전드와 ESPORTS 양대산맥으로 엄청난 상금으로 유명하다'),
  (62,31, '베트맨: 아캄 오리진','2013', '배트맨 아캄시리즈의 세번째 작품이자 초기시절을 다룬 프리퀄 작품. 최고의 스토리와 연출을 보였다는 평가'),
  (63,32,'헤일로 시리즈','2001','엑스박스 의 심장. 우주공간 링 월드에서 펼쳐지는 FPS게임'),
  (64,33,'소드 아트 온라인 시리즈','2013','소설 소드 아트 온라인을 주제로 제 된 게임. 인공 던전을 클리어 해나가는 이야기'),
  (65,35,'길티 기어 시리즈','1998','대전 액션 게임. 무기와 초능력. 히트침'),
  (66,35,'블레이블루 시리즈','2009','대전 액션 게임. 화려한 액션. 철권과 유사'),
  (67,36,'스트리트 파이터 EX 시리즈','1996','스트리트 파이터의 외전 격 시리즈.'),
  (68,36,'테트리스 더 그랜드마스터 시리즈','1998','일반적인 테트리스 와는 다르게 레벨 999까지 빠르게 다다르는 것을 목표로함'),
  (69,37,'페르소나 시리즈','1996','페르소나 능력에 눈을 뜬 주인공과 동료들이 적과 싸워나가는 시리즈'),
  (70,38,'팩맨','1980','미국에서 가장 인지도가 높은게임. 세계에서 가장 많이 팔린 아케이드 게임기.캐릭터 게임과 게임내 컷신의 시조.'),
  (71,38,'갤러그','1981','우주 전투비행기가 외계인을 때려잡는 게임. 슈팅게임 계보의 커다란 위치를 차지하는 게임'),
  (72,38,'나루티밋 시리즈','2008','나루토 질풍전을 바탕으로 하는 대전게임'),
  (73,38,'철권 시리즈','1994','격투기 게임중 최고라고 불리는게임. 특유의 콩가루 스토리, 세계적인 대회.'),
  (74,39,'슈퍼로봇대전 시리즈','2017','건담들의 전쟁'),
  (75,39,'디지몬 월드 시리즈','1999','디지몬 스토리 시리즈와 연계되는 스토리를 전개함.'),
  (76,40,'록맨 시리즈','1987','여러 작품으로 분화해 각기 다른 세계관선보임. 로봇물 세계관.'),
  (77,40,'몬스터 헌터 시리즈','2004','몬스터를 다양한 무기와 아이템으로 수렵하는게임. 전세계적 인기.'),
  (78,40,'바이오 하자드 시리즈','1996','좀비와 몬스터들을 물리쳐가며 퍼즐을 풀고 길을 찾아내 살아남는 게임. 최근에는 여러 변화를 시도. 대흥행.'),
  (79,40,'스트리트 파이터 시리즈','1987','대전액션 게임. 센세이션을 일으킴. 캡콤의 간판게임'),
  (80,40,'데빌 메이 크라이 시리즈','2001','스타일리쉬 하드 액션. 멋있게 악마를 때려잡는 단테.'),
  (81,40,'역전 재판 시리즈','2001','저예산이라고는 믿기지 않는 완성도를 보여주며 성공. 법정 추리게임'),
  (82,44,'다크 소울 시리즈','2011','데몬즈 소울을 시작으로 꿈도 희망도 없는 암울한 배경을 간접적인 스토리 텔링 방식으로 풀어나감. 괴랄한 난이도. 3D 액션 보스레이드. YOU DIED'),
  (83,44,'블러드 본 시리즈','2015','기존 소울 시리즈의 정신적 계승작. 차이점이 꽤나 있고 속도감이 더있다.'),
  (84,44,'세키로: 섀도우 다이 트와이스','2019','완전 싱글 플레이 게임. 3D액션 보스레이드. 일본이 배경.'),
  (85,44,'아머드 코어 시리즈','1997','로봇 개조 시리즈'),
  (86,45,'젤다의 전설 시리즈 리메이크','2011','젤다의 전설 작품을 3D로 리메이크'),
  (87,46,'포켓몬스터 시리즈','1996','일본 애니메이션 포켓몬스터를 게임화. 전세계적 인기'),
  (88,47,'삼국지 시리즈','1985','중국의 삼국지를 게임화. 지금까지도 시리즈가 나오고있음'),
  (89,47,'대항해시대 시리즈','1990','전세계를 오가며 교역을 하고 작위를 얻는 게임. 예전에는 지도를 유저가 직접만들어야 해서 세계지도 책을 펴놓게 했다고한다.'),
  (90,47,'데드 오어 얼라이브 시리즈','1996','버추어 파이터의 아류작이라는 소리를 들었지만 아름다운 캐릭터와 그래픽으로 차별점을 두고 성공했다.'),
  (91,48,'유희왕 시리즈','1999','유희왕을 토대로 하는 게임'),
  (92,48,'위닝 일레븐 시리즈','1995','FIFA와 함께 세계 축구시장을 양분할정도의 위상을 자랑'),
  (93,48,'사일런트 힐 시리즈','1999','캡콤의 바이오하자드와 함께 호러비디오 게임의 양대산맥'),
  (94,48,'메탈 기어 시리즈','1987','일본 및 콘솔 최초의 잠입 액션 게임'),
  (95,48,'악마성 시리즈','1986','뱀파이어를 소재로 한 고딕풍 게임'),
  (96,50,'슈퍼마리오 시리즈','1983','전세계적으로 대히트를 친 슈퍼마리오 시리즈 빨간 모자 아저씨가 뛰어다닌다.' ),
  (97,50,'테트리스','1988','원 개발자 로부터 라이센스를 받아 제작. 블록을 쌓는 방식.'),
  (98,50,'젤다의 전설 시리즈','1986','퍼즐성이 강한 JRPG 수많은 시리즈와 게임이 나왔지만 기본등장 인물이 같아 사랑받고있다.'),
  (99,50,'동물의 숲 시리즈','2001','제작과 유통을 닌텐도가한 인기작. 동물과 마을을 가꾸는 게임이다.'),
  (100,50,'포켓몬 시리즈','1996','일본 애니메이션 포켓몬스터를 게임화.  전세계적 인기'),
  (101,52,'니어 오토마타','2017','니어 레플리칸트의 후속작. 기계생명체들이 인간을 닮고싶어하는 모습을 그려냄. 오픈월드와 RPG요소 다수존재.'),
  (102,53,'용과 같이 시리즈','2005','B급 야쿠자 감성으로 인기를 얻고 현재까지도 속편이 제작됨'),
  (103,53,'소닉 더 헤지혹 시리즈','1991','세가의 마스코트인 소닉이 나오는 시리즈. 엄청나게 빠른 고슴도치가 스테이지를 깬다'),
  (104,53,'하츠네미쿠 프로젝트 디바 시리즈','2009','보컬로이드 하츠네미쿠를 주제로하는 리듬게임 시리즈'),
  (105,55,'메탈 슬러그 시리즈','1996','런앤건 장르의 최고점을 찍은 게임. 한국인이라면 누구나 해봤을정도로 인기를 끌었다.'),
  (106,55,'더 킹 오브 파이터즈 시리즈','1994','대전 액션 게임 장르로 초기에도 30명내외의 캐릭터로 압도적인 물량을 자랑함'),
  (107,56,'파이널 판타지 시리즈','1987','드래곤 퀘스트와 함께 일본을 대표하는 JRPG. 회사상황이 안좋아 이게임만 내고 접겠다는 의미였지만 초대박을 치고만다.'),
  (108,56,'킹덤 하츠 시리즈','2002','디즈니와의 콜라보로 전혀어울리지 않는 캐릭터들이 암울한 분위기의 월드를 돌아다니는 크로스오버 시리즈'),
  (109,56,'드래곤 퀘스트 시리즈','1986','일본의 국민 RPG이자 일본의 최고 알피지 시리즈. 현재 판매량은 8,100만장 이상'),
  
  (110,57,'단간론파 시리즈','2010','추리어드벤처 게임 첫작품은 스파이크, 그이후는 스파이크 춘소프트에서 발매. 클로즈드 서클 베이스. 캐릭터성'),
  (111,60,'테라 시리즈','2011','경쟁작 블소, 아키에이지와 함께 2011년 최강의 라인업. 판타지풍 RPG'),
  (112,60,'배틀그라운드','2017','배틀로얄 게임으로 외딴섬에서 최대 100명의 플레이어가 다양한 무기와 전략으로 끝까지 살아남는게임 전세계 300만명이 넘는 스팀역사상 최다 동시접속자. 배틀로얄의 황금기를 이끈게임'),
  (113,61,'마비노기 시리즈','2004','플레이오네 엔진으로 제작된 한국의 MMORPG. 지금까지 꾸준하게 많은사람이 즐기는 넥슨의 밥줄'),
  (114,62,'테일즈 위버','2004','전민희 작가의 소설 룬의 아이들의 세계관을 빌려 제작된 게임'),
  (115,63,'드래곤 네스트','2010','해외에서 더 잘나가는 한국 게임 MMORPG 장르로, 해외에서는 모든 시상을 휩쓸다시피 함'),
  (116,65,'그랜드 체이스','2003','횡스크롤 대전액션게임으로, KOG의 간판격인 게임. 모두들 그랜드 체이스를 한번쯤 해본 경험이 있을것'),
  (117,65,'엘소드','2010','그랜드 체이스의 후속작격. 아이들이 좋아하게 생긴그림체지만 성인들도 많이한다. 역시나 대전 액션게임'),
  (118,66,'리니지 시리즈','1998','한국 1세대 온라인게임. MMORPG로, 넥슨을 먹여살리는 게임이다. 과금요소가 괴랄하기로 유명하다.'),
  (119,66,'아이온: 영원의 탑','2008','한때는 점속자폭주로 대기시간이 한시간을 넘어가던 MMORPG게임. 선 과 악. 두진영이 오픈필드 PVP로 싸우는 게임으로 유명하다.'),
  (120,66,'블레이드 앤 소울','2012','퓨전 판타지 MMORPG. 처음에는 동양판타지 세계관으로 나왔지만, 갈수록 중세 서양 판타지에 가까워짐.'),  
  (121,67,'카트라이더','2004','머리큰 캐릭터들이 조그만 자동차를 타고 어울리지 않게 초스피드로 경쟁하는 크레이지 레이싱게임. 역시나 국민게임. 정밀한 조작을 요구해 e 스포츠도 발달'),
  (122,67,'바람의 나라','1996','넥슨의 고인물 게임. 25주년을 맞았으며 국내와 세계 통틀어 가장 오래 서비스 하고있다.'),
  (123,67,'서든어택','2013','플래쉬 게임과 비슷한 그래픽이지만 국내에서 대단한 인기를 누려왔다. 대회도 존재하며 여전히 국민게임으로 불린다.'),
  (124,67,'던전앤 파이터','2009','네오플에서 제작하여 넥슨이 유통하는 횡스크롤 RPG. 전세계적으로 대히트를 쳤다. 2019년까지 130억 달러가넘는 매출을 올렸다. 이는 마리오나 콜옵 등을 이어 세계 게임 프랜차이즈 매출순위 7위에 달하는것'),
  (125,69,'로스트 아크','2019','쿼터뷰 액션 MMORPG. 출시전부터 많은 기대를 받았고 대박을 쳤지만 미숙한 운영으로 망할뻔 했다가. 다시운영으로 빛을 발한 게임'),
  (126,69,'크로스 파이어','2007','온라인 FPS 게임으로, 중국시장에서 대박이나 세계동접자 1위 타이틀을 달성하기도 했다. 현재까지도 스마일 게이트의 밥줄역할'),    
  (127,71,'메이플 스토리','2003','넥슨의 게임 스튜디오 WIZET에서 제작한 2D 캐릭터가 모함을 떠나면서 성장하는 2D 횡스크롤 게임. 19년도에 역사상 최고매출 달성. 국민 게임'),
  (128,72,'검은 사막','2015','펄어비스에서 제작한 MMORPG 게임. 국내보다는 북미에서 인기가 많다. 이게임으로 신생 회사였던 펄어비스는 무지막지 하게 성장해 초기 30명의 사원에서 현재 250명이상까지 늘어났다.'),
  (129,75,'툼레이더 시리즈','1996','인디아나 존스에서 착안하여 섹시컨셉 라라 크로프트가 보물을 찾아 떠나는 이야기'),
  (130,76,'토탈워 시리즈','2000','쇼군 토탈워를 시초로 제작된 전쟁 시뮬레이션 게임. 문명에서 전투를 직접 즐길수있다는 점을 추가했다고 보면된다. 재미있다.'),
  (131,78,'플래닛 시리즈','2016','경영 시뮬레이션 게임으로, 롤러코스터 타이쿤의 진화버전이다. 동물원, 놀이공원을 경영 할 수 있다'),
  (132,78,'롤러코스터 타이쿤 시리즈','2003','경영 시뮬레이션 게임으로, 놀이공원을 경영하는 게임이다.'),
  (133,81,'베트맨: 아캄 시리즈','2009','베트맨 아캄 세계관을 바탕으로 제작된 게임'),
  (134,83,'언틸 던','2015','캐릭터를 조작해 조사하고, 선택에 따라 인물관의 관계, 생사, 스토리에 영향이간다. 잘 만들어 진게임'),
  (135,84,'파 크라이 시리즈','2004','크라이엔진이 사용된 작품 시리즈. 무장 단체를 상대로 미션을 진행한다'),
  (136,84,'크라이시스 시리즈','2007','근 미래를 배경으로 한 FPS게임'),
  (137,85,'트로피코 시리즈','2001','경영 시뮬레이션 게임 심시티와 다르게 건설 명령만 내리고 가만히있으면 안된다. 주민들은 노동도 하고 휴식도 해야하기 때문이다. 운영에 있어서 어려운게임'),
  (138,88,'아노 시리즈','1998','약간 아기자기 하면서도 현실감이 드는. 미니어처 마을을 보는 기분이든다. 경영 시뮬레이션게임'),
  (139,89,'디스아너드 시리즈','2012','마법을 쓰며 암살을 하는 게임. 상대에게 들키지 않고 암살하는 재미가 쏠쏠하다'),
  (140,90,'아스팔트 시리즈','2004','게임로프트 게임중 최고의 인기를 자랑하는 레이싱 게임. 아스팔트 8은 다운로드수 1억을 넘어섰다'),
  (141,90,'모던 컴뱃 시리즈','2009','모바일게임중 가장 유명한 FPS게임'),
  (142,90,'오더앤 카오스 시리즈','2011','모바일의 워크래프트'),
  (143,91,'디트로이트 비컴 휴먼','2018','미래 안드로이드와 인간의 대립을 놓고 영화같이 풀어낸 게임'),
  (144,92,'어쌔신 크리드 시리즈','','유비소프트 몬트리올과 퀘벡이 개발하는 오픈월드 잠입 액션 어드벤처 게임으로, 유비소프트의 메인 타이틀 격인게임이다. 총 판매량이 1억장이 넘는다'),
  (145,92,'와치독 시리즈','2014','전반적으로 대기업의 만행과 이를 폭로하는 해커들의 이야기라는 사이버펑크 형식을 취하고있다'),
  (146,92,'포 아너','2017','유비소프트 몬트리올 에서 제작한 중세 칼싸움 게임'),
  
  (147,92,'레인보우 식스 시리즈','1998','다국적 대테러부대 레인보우의 활약을 그리고있다. 2000년대 이후 어떤 FPS게임이든 레인보우 식스의 영향을 받았고 지금도 여전하다.'),
  (148,92,'더 디비전','2016','FPS와 RPG를 결합한 게임 파밍을 하고 총과 신체를 강화한다. 적들이 더럽게 안죽는다'),
  (149,92,'저스트 댄스 시리즈','2009','유비소프트 파리에서 제작하는 댄스 게임'),
  (150,92,'파 크라이 시리즈','2004','시리즈 대대로 배경이 외딴 오지에서 외부와의 단절 속에서 싸워 나가면서 생존하는 게임'),
  (151,94,'발더스 게이트 시리즈','1998','지루하고 짜증 나는 전투시스템을 가지고 있지만 국내외를 막론하고 명작으로 꼽히는 RPG게임'),
  (152,94,'매스 이펙트 시리즈','2007','SF스타일의 게임 어드벤처와 전투로 나뉘어 온 우주를 탐험하게 된다.'),
  (153,94,'드래곤 에이지 시리즈','2009','정통 RPG 작품.상업적으로 대성공을 거둔 수작'),
  (154,95,'워프레임','2013','디지털 익스트림의 자체개발엔진을 사용하여 개발했으며, 그래픽적인 측면과 최적화에서 매우 높은 점수. 텐노라는 워프레임을 입은전사가 적들과 싸운다는 내용'),
  (155,99,'워해머 Dawn of War 시리즈','','영국의 워해머 40000 이라는 보드게임을 게임화 한 실시간 전략 게임으로써, 방대한 세계관을 이루고있다'),
  (156,99,'홈월드 시리즈','1999','우주에서 3d축으로 싸우는 기존방식을 전략적요소로 가져온 충격적인 작품'),
  (157,99,'컴퍼니 오브 히어로즈 시리즈','2006','2차 세계대전을 배경으로 하는 RTS 게임 유닛을 뽑아서 전략적으로 적을 상대해야하는데 2차세계 대전 당시의 무기와 장갑차, 탱크들을 볼수있어서 재미있다'),
  (158,100,'기어스 오브 워 시리즈','2006','TPS게임 화끈한 액션을 잘살렸다'),
  (159,102,'워 썬더','2012','MMO슈팅 시뮬레이션. 지공해 다양한 전장을 바탕으로 다양한 장비를 탑승할수있다.'),
  (160,105,'월드 오브 시리즈','2010','워썬더와 마찬가지로 슈팅 시뮬레이션이며, 다양한 전장을 바탕으로 전쟁을 한다. 제한시간 동안 팀전으로 점령전을 펼친다'),
  (161,107,'시티즈 스카이라인','2015','건설 경영 시뮬레이션 게임으로, 심시티의 정신적 후속작으로 인정받는다'),
  (162,108,'맥스 페인 시리즈','2001','슬로우 효과를 내는 불렛 타임 효과와 이를 응용하는 동작들이 특징. 억울한 누명을쓰고 경찰과 폭력조직에 쫒기는 맥스의 이야기'),
  (163,109,'앵그리버드 시리즈','2009','스마트폰 막장 새총 모바일 게임 시리즈. 진입장벽이 없어 이용자 수도 역대최고. 모바일 게임에 한획을 그은게임'),
  (164,110,'클래시 오브 클랜','2012','군대를 꾸려 적의 마을을 공격하고 자원을 약탈하는 게임. 실시간 전략게임. 세계적인 인기'),
  (165,110,'클래시 로얄','2015','카드를 수집해서 전장에서 다른유저와 겨루는  CCG게임'),
  (166,110,'브롤 스타즈','2017','브롤러를 수집하고 여러 규칙을 가진 모드에서 다른 유저들과 싸우는 탑뷰형식의 PVP 슈팅게임'),
  (167,110,'헤이데이','2012','농장을 경영하는 시뮬레이션 게임'),
  (168,110,'붐비치','2014','상률부대를 꾸려 적기지를 공격하고, 자신의 기지에 방어 건물을 배치해 적의 공격을 방어하는 게임'),
  (169,111,'염소 시뮬레이터','2014','샌드박스 시뮬레이션 게임으로, 염소가 되어 오만짓을 다하는 이상한 게임이다'),
  (170,111,'Sanctum','2011','타워디펜스에 FPS적인 요소들을 합쳐놓은 게임'),
  (171,114,'워해머: 버민타이드 시리즈','2015','Warhammer의 엔드 타임 당시를 배경으로하는 근접액션 FPS 게임'),
  (172,115,'울펜슈타인: 더 뉴 시리즈','2014','울펜슈타인 시리즈의 후속작. 리부트된 세계관과 스토리 계승'),
  (173,116,'더 디비전','2016','FPS와 RPG를 결합한 게임 파밍을 하고 총과 신체를 강화한다. 적들이 더럽게 안죽는다'),
  (174,117,'마인크래프트','2011','샌드박스 형식 비디오 게임. 채광과 제작이 주를이룲. 모든플랫폼에서 역대 가장 많이 팔린 비디오 게임. 2020년 5월기준 활동 하는 평균 사용자수 1억 2600만명 돌파. 에디터와 추가모드들을 사용해서 온갖 기이한 것들을 만들어낼수있다.'),
  (175,118,'페이데이 시리즈','2011','범죄 코옵 FPS. 유저평가가 가장높음.'),
  (176,119,'아르마 시리즈','2001','현실스럽고 미션마저 현실적이어서 극악한 난이도를 자랑하는 FPS게임. 군사 훈련용 버전도 존재할정도로 현실적이다'),
  (177,119,'DayZ 시리즈','2013','오픈월드 좀비 아포칼립스 게임'),
  (178,120,'유로트럭 시뮬레이터 시리즈','2008','하드트럭의 유럽배경 시리즈. 유럽을 무대로 트럭운전사가 되어보는 작품. 트럭을 운전해서 돈을벌어서 더좋은 트럭을 사는것을 목표로한다. 정말 운전하는 기분이든다'),
  (179,120,'하드트럭 시리즈','2003','미국을 배경으로 트럭운전사가 되어보는 작품'),
  (180,121,'더 워 오브 마인','2014','전쟁 생존 게임'),
  (181,121,'프로스트 펑크','2018','건설 경영 시뮬레이션. 극단적인 상황에 처했을때 효율과 양심 중에 어떤것을 선택할것인가? 가주제. 극심한 추위가 찾아온 환경에서 건물을 짓고 생존하는게임.'),
  (182,122,'더 위쳐 시리즈','2007','판타지 배경의 3인칭 액션 RPG게임. 아름다운 배경과 엄청난게임성으로 시상식을 휩쓸었다. 스토리 텔링 중심형'),
  (183,122,'사이버 펑크 2077','2020','마이크 폰드스미스가 만든원작 사이버펑크 2020에서 57년이 지난 인류의 미래를 그리고있다. 출시전 예약 구매량이 위쳐: 3 와일드 헌트를 까마득히 초과했지만, 발매후 마케팅에서 약속했던 많은 부분을  실현시키지 못하며 주가가 폭락했다'),
  (184,123,'이브 온라인','2003','홈월드 대규모 멀티플레이어 온라인. 서버나 채널없이 트랜퀄리티 서버 단 한개로 전 세계인들과 함께할수있다. 뉴 에덴이라는 새로운 우주에서 전쟁을 하고, 사업, 자원을 채집하며 행성을 차지하고 세력을 키우는게임');
  
  
  